id,weight,parentID,en_title,en_desc,es_title,es_desc
19,0,0,"Family and Safety","Abuse, restraining orders, divorce, custody, visitation, child support.",Familia,"Abuso, órdenes de restricción, divorcio, custodia, visitación, manutención de menores."
42,0,19,"I have been abused by a family member, a current partner, or a former partner.",,"Yo necesito ayuda en asegurar que yo y mis niños estemos seguros.",
43,0,19,"My issue is about a divorce or separation.",,"Mi asunto es sobre un divorcio.",
124,-1,43,"I want to get a divorce.",,"Yo quiero un divorcio.",
125,0,43,"My spouse is divorcing me.",,"Mi cónyuge se está divorciando de mí.",
123,1,43,"I need a restraining order.",,"Yo necesito una órden de restricción.",
126,6,43,"I have a different problem related to divorce, such as  separation, annulment, or alimony.",,"Yo tengo un problema distinto relacionado al divorcio.",
45,0,19,"My problem is with custody, visitation, or child support.",,"My problem is with custody, visitation, or child support.",
209,-1,45,"I want to get custody of my children.",,"Yo quiero obtener custodia de mis hijos.",
211,0,45,"I want to get visitation with my children.",,"Yo quiero obtener visitación con mis hijos.",
212,1,45,"I need help with child support.",,"I need help with child support.",
353,-1,212,"I want to change or stop my child support payment.",,"Yo quiero cambiar o parar mis pagos de manutención de menores.",
352,-1,212,"I want to get child support.",,"Yo quiero obtener manutención de menores.",
351,-1,212,"I want to increase the amount of my child support.",,"Yo quiero aumentar la cantidad de pago de manutención del niño.",
354,0,212,"The person who is supposed to be paying child support is not paying it.",,"La persona que está supuesta a pagar manutención de menores no está pagando.",
350,1,212,"I owe back child support.",,"Yo debo pagos atrasados de manutención de menores.  ",
210,2,45,"My children are in danger of being moved from the state.",,"Mis hijos están en peligro de ser removidos fuera del estado.",
41,1,19,"I have a problem with DCF or want to know more about it.",,"Yo tengo un problema con DCF o quiero saber más sobre DCF.",
75,0,41,"I want to find out more about DCF.",,"Yo quiero aprender más sobre DCF.",
74,1,41,"DCF wants to take my children away.",,"DCF quiere quitarme mis hijos.",
72,2,41,"I have a problem with my DFC case worker.",,"Yo tengo un problema con mi trabajador de DCF.",
73,3,41,"DCF is taking me to court.",,"DCF me está llevando a la corte.",
44,2,19,"I have another family issue.",,"Yo tengo otro problema de familia que envuelve niños.",
171,-1,44,"I am a grandparent and want to get custody of or visitation with my grandchildren.",,"Yo quiero obtener custodia de mis nietos.",
167,0,44,"I have questions about paternity.",,"Yo tengo preguntas sobre paternidad.",
168,0,44,"I need help with guardianship.",,"Yo necesito ayuda con tutela.",
170,1,44,"I want to know more about the Family and Medical Leave Act (FMLA).",,"Yo quiero saber más sobre la ley de Ausencia Familiar y Médica (FMLA).",
169,3,44,"I have a different family problem.",,"Yo tengo un problema de familia distinto.",
246,2,169,"I need help with adoption.",,"Yo necesito ayuda con adopción.",
245,3,169,"I need help with a name change.",,"Yo necesito ayuda con un cambio de nombre.",
247,4,169,"I need help with a birth certificate.",,"Yo necesito ayuda con un certificado de nacimiento.",
244,5,169,"I have questions about the separation or annulment of my marriage.",,"Yo tengo preguntas sobre mi separación o anulación de mi matrimonio.",
248,6,169,"I have a different family problem.",,"Yo tengo un problema distinto de familia.",
17,1,0,"Homes and Apartments","Renting, evictions, lockouts, foreclosure, home ownership issues, security deposits.",Vivienda,"Alquileres, desalojo, cierre, ejecuciones hipotecarias, temas de propiedad de la vivienda, depósitos de alquiler."
34,0,17,"I rent my house or apartment.",,"Yo rento mi casa o apartamento.",
147,0,34,"I need help with rental assistance, such as Section 8 or RAP.",,"Yo necesito ayuda con asistencia para la renta, tal como Sección 8.",
145,1,34,"I am being evicted or I was locked out.",,"Me están desalojando.  ",
275,0,145,"My landlord locked me out.",,"Mi casero me cerró fuera de mi casa.",
273,1,145,"The landlord told me in person or over the phone that they want me to move out.",,"Mi casero me dijo en persona o por teléfono que quiere que yo me mude.",
276,2,145,"I got a written notice from the landlord telling me to move out (Notice to Quit).",,"Recibí notificación escrita para mudarme (llamada un Notice to Quit/Noticia de Desalojo).",
274,3,145,"I got papers from the court setting a date and time for a court hearing.",,"Yo recibí papeles de la corte con fecha y hora para una audiencia.",
146,2,34,"I have a problem with my landlord or the place I rent.",,"Yo tengo un problema con mi casero o autoridad de vivienda.",
330,0,146,"My landlord raised my rent.",,"Mi casero me aumentó la renta.",
329,1,146,"My housing is unsafe or unhealthy (no heat, leaking roof, dangerous electrical).",,"Mi vivienda es insegura o insalubre (no hay calefacción, el techo está filtrando, condiciones peligrosas  de electricidad).",
331,2,146,"I am disabled and need a reasonable accommodation.",,"Yo soy incapacitado y necesito una acomodación razonable.",
332,3,146,"I have a problem with utilities (electric, heat, natural gas, phone).",,"Algunas o todas mis utilidades han sido desconectadas.",
144,3,34,"My landlord is in or was in foreclosure.",,"Mi casero está siendo embargado.",
143,4,34,"I have another problem with my housing.",,"Yo tengo otro problema con mi vivienda.",
33,1,17,"I own a house or want to buy one.",,"Yo soy dueño de mi propia casa o quiero comprar una.",
103,0,33,"The bank is threatening to foreclose on my home.",,"El banco está amenazando con embargar mi casa.",
234,0,103,"I am still living in my home.",,"Todavía estoy viviendo en mi casa pero tengo miedo de perderla.",
416,0,234,"I got court papers saying that the bank is foreclosing.",,"Recibí papeles de la corte diciendo que el banco está ejecutando mi hipoteca.",
417,1,234,"I got notices from the bank but not court papers.",,"Recibí notificaciones del banco pero no papeles de la corte.",
418,2,234,"The bank has not yet contacted me, but I am behind on my payments or about to fall behind.",,"El banco todavía no se ha comunicado conmigo, pero estoy atrazado en mis pagos o estoy a punto de atrazarme.",
233,1,103,"I abandoned my home because I'm worried about foreclosure or because I can't afford to live there.",,"Yo he abandonado mi casa debido a la amenaza de una ejecución hipotecaria o porque no puedo hacer los pagos.",
236,2,103,"The home is my second home, not my primary residence.",,"La casa es mi segunda casa, no mi residencia principal.",
235,3,103,"I have another problem related to foreclosure.",,"Yo tengo otro problema relacionado a una ejecutación de hipoteca.",
107,1,33,"I'm having trouble with property taxes, utilities, or condo fees.",,"Estoy teniendo problemas con mis gastos relacionados con el hogar (tales  como impuestos de propiedad, cuotas de condominio, o utilidades).",
304,0,107,"I have a problem with my property taxes.",,"Yo tengo un problema con mis impuestos de propiedad.",
383,0,304,"I don't think the amount is right.",,"Yo no creo que la cantidad es correcta.",
386,1,304,"My property taxes are due soon or past due.",,"Mis impuestos de propiedad se vencen pronto o están vencidos.",
384,2,304,"They are putting a lien on my property.",,"Ellos están poniendo un gravamen en mi propiedad. ",
385,3,304,"I need a reduction in my property tax from the town/city because I can't pay.",,"Necesito una reducción en los impuestos de propiedad de mi pueblo/ciudad porque no los puedo pagar.",
462,0,385,"I want to apply for a tax reduction (abatement).",,"Yo quiero solicitar una reducción de impuestos (abatement en inglés).",
463,1,385,"I applied for a tax abatement but was turned down or have a problem with it.",,"Yo apliqué para una reducción de impuestos (abatement en inglés) pero me lo negaron, no he recibido una respuesta, o yo tengo otro problema.",
382,4,304,"I need to lower my property taxes for another reason.",,"Necesito reducir mis impuestos de propiedad por otra razón.",
306,1,107,"I have a problem with utilities (electric, heat, natural gas, phone).",,"I have a problem with utilities (electric, heat, natural gas, phone).",
305,2,107,"I am having trouble with my condo association.",,"Yo estoy teniendo problemas con mi asociación de condominios.",
105,2,33,"I have a problem with my neighbors.",,"Yo tengo un problema con mis vecinos.",
106,3,33,"I need help buying a house or condo.",,"Necesito ayuda en comprar una casa o condominio.",
299,0,106,"I need financial help.",,"Necesito ayuda financiera.",
296,1,106,"I think a seller or lender is discriminating against me.",,"Un vendedor o prestamista está discriminando contra mí a causa de mi raza, color, religión, origen nacional, o género.",
297,2,106,"I want to know how to buy a house.",,"Yo quiero saber cómo comprar una casa.",
298,3,106,"I have another legal problem with buying a home or getting a loan.",,"Yo tengo otro problema legal con comprar una casa o consiguiendo un préstamo.",
104,4,33,"I have a different home ownership issue.",,"Yo tengo un problema diferente sobre mi propiedad. ",
284,0,104,"I live in a mobile home.",,"Yo vivo en una casa móvil.",
425,0,284,"I have a problem with the person who owns the park or the land.",,"Yo tengo un problema con el dueño del parque o con la persona quién es propietario del terreno donde yo vivo.",
429,1,284,"My lender is threatening to reposess my mobile home.",,"Mi prestamista está amenazando con quitarme mi casa móvil.",
427,2,284,"I live in a mobile home park and my landlord is shutting down the park.",,"Yo vivo en un parque de casas móviles y mi casero está cerrando el parque.",
426,3,284,"I live in a mobile home park and there are bad park conditions.",,"Yo vivo en un parque de casas móviles y las condiciones del parque son malas.",
428,4,284,"I have another legal problem related to my mobile home.",,"Yo tengo otro problema legal relacionado con mi casa móvil.",
283,1,104,"I am having trouble with a tenant.",,"Yo estoy teniendo problemas con un inquilino.",
409,0,283,"I want to evict a tenant.",,"Yo quiero desalojar a un inquilino.",
407,1,283,"My tenant has damaged my property.",,"Mi inquilino ha dañado mi propiedad.",
408,2,283,"My tenant wants special accommodations.",,"Mi inquilino quiere acomodaciones especiales.",
282,2,104,"I have different problem with my housing.",,"Yo tengo otro problema diferente con mi vivienda. ",
35,2,17,"I live somewhere else or I am homeless.",,"Yo vivo en otro sitio o no tengo vivienda.",
166,0,35,"I live in long-term care and I am having problems with it.",,"Yo vivo en una facilidad de cuidado a largo plazo y tengo un problema relacionado a eso.",
165,1,35,"I live in a mobile home park.",,"Yo vivo en un parque de casas móviles.  ",
163,2,35,"I live in a group home.",,"Yo vivo en un hogar de grupo.",
221,0,163,"They are threatening to kick me out.",,"Están amenazando con echarme.",
222,1,163,"I am looking for a group home in Connecticut.",,"I am looking for a group home in Connecticut.",
164,3,35,"I am homeless or live in a shelter.",,"No tengo vivienda, o vivo en un refugio para personas sin hogar.",
302,0,164,"I need to find a place to live.",,"Necesito ayuda para encontrar un sito donde vivir (rentar).",
300,1,164,"A homeless shelter is threatening to kick me out.",,"El refugio para personas sin hogar me está amenazando con echarme.",
303,2,164,"I need help with getting rental assistance.",,"Yo necesito ayuda con asistencia para la renta.",
301,3,164,"I need help with child care and expenses related to getting a job.",,"Necesito ayuda con cuidado de niños y gastos relacionados con buscar empleo.",
32,3,17,"I have a general housing question or problem.",,"Preguntas Generales de Vivienda",
97,-2,32,"I have a problem with a former landlord.",,"Yo tengo un problema con un  casero anterior.",
230,0,97,"My landlord won't return my security deposit.",,"Mi casero no quiere devolver mi depósito de alquiler.",
228,1,97,"My landlord won't give back my personal belongings (such as clothing, furniture, TV).",,"Mi casero no me quiere devolver mis pertenencias personales (tales como ropa, muebles, televisor).",
229,2,97,"My former landlord is suing me for unpaid rent or damages.",,"Mi casero anterior me está demandando por renta sin pagar o daños.",
98,-1,32,"I'm having a problem with my utilities (electric, heat, gas, phone).",,"Tengo problemas con las utilidades (electricidad, calefacción, gas natural, teléfono).",
309,0,98,"I can't pay my electric, oil, or gas bill.",,"No puedo pagar mi factura de electricidad, calefacción, o gas natural.",
308,1,98,"I can't pay my phone bill.",,"No puedo pagar mi factura de teléfono.",
310,2,98,"I have a complaint about a utility company.",,"Yo tengo una querella contra la compañia de utilidades.",
311,5,98,"My landlord shut off some or all of my utilities.",,"Mi casero desconectó algunas o todas mi utilidades.",
307,6,98,"I need money for a new heating system.",,"Yo necesito dinero para un sistema nuevo de calefacción para mi hogar.  ",
99,0,32,"I need help with rental assistance such as Section 8, RAP, or a security deposit.",,"Yo necesito ayuda con asistencia para la renta (tal como Sección 8) o un depósito de alquiler.",
321,0,99,"I need help getting the money for a security deposit.",,"Necesito ayuda obteniendo dinero para un depósito de alquiler.",
320,1,99,"I want to apply for rental assistance.",,"Yo quiero solicitar asistencia para la renta.",
323,2,99,"I applied for rental assistance (such as Section 8 or RAP) but was denied.",,"Yo solicité asistencia para la renta pero fui negado.",
322,3,99,"I'm having a problem with my rental assistance, such as termination, overpayment, a payment plan, or recalculation.",,"Yo solicité asistencia para la renta pero no me dieron la cantidad que necesito.",
101,1,32,"I am a veteran and want to learn more about my rights and options.",,"I am a veteran and want to learn more about my rights and options.",
102,2,32,"I have a disability and want to learn about my rights and options.",,"I have a disability and want to learn about my rights and options.",
100,4,32,"I have another housing problem.",,"Yo tengo otro problema de vivienda.",
22,2,0,"Benefits and Social Services","SNAP (food stamps), cash assistance, health insurance, Social Security, and more.",Beneficios,"SNAP (cupones de alimentos), asistencia en efectivo, seguro de salud, Seguro Social y más."
57,-6,22,"I need help with benefits programs in CT: DSS programs, food stamps/SNAP, cash assistance, Medicaid/Title 19, health insurance, unemployment, and more.",,"Yo necesito ayuda con programas de beneficios en Connecticut: programas de DSS, cupones de alimentos, programas de asistencia de dinero, Medicaid, seguro de salud, compensación de desempleo, y más.",
201,-5,57,"I need help with SNAP (food stamps).",,"Yo necesito ayuda con SNAP (cupones de alimentos).",
241,-1,201,"I get SNAP now.",,"Yo recibo SNAP (cupones de alimentos) ahora.",
356,-4,241,"DSS says they overpaid me and I owe them money.",,"DSS (Departamento de Servicios Sociales) me ha atribuído un sobrepago.",
358,-1,241,"I have a problem with my EBT (food stamp) card.",,"Yo tengo un problema con mi tarjeta de EBT (cupones de alimentos).",
359,-1,241,"I want to know if I'm getting the right amount of food stamps.",,"Yo quiero saber si estoy recibiendo la cantidad correcta de cupones de alimentos.",
357,0,241,"DSS lowered my benefits.",,"El Departamento de Servicios Sociales (DSS) ha reducido mis beneficios.",
355,1,241,"I have another problem with SNAP.",,"Yo tengo otro problema relacionado a SNAP.",
242,0,201,"I do NOT get SNAP now.",,"Yo no recibo SNAP ahora.",
368,-3,242,"I want to apply for SNAP.",,"Yo quiero aplicar para SNAP (cupones de alimentos).",
367,-2,242,"I want to apply for emergency food stamps (Expedited SNAP).",,"Yo quiero aplicar para Expedited SNAP (cupones de alimentos de emergencia).",
366,-1,242,"I've already applied for SNAP.",,"Ya he aplicado para SNAP.",
455,-3,366,"I applied for SNAP but I haven't heard back from DSS.",,"Ya apliqué para SNAP pero no recibido respuesta de DSS.",
456,-2,366,"I applied for SNAP but was turned down.",,"Yo apliqué para SNAP pero me lo negaron.",
457,0,366,"I have another problem with my SNAP application.",,"Yo tengo otro problema con mi aplicación para SNAP.",
365,0,242,"DSS has cut off my SNAP benefits.",,"El Departamento de Servicios Sociales descontinuó mis beneficios de SNAP.",
243,1,201,"I have another problem with SNAP.",,"Yo tengo otro problema relacionado a SNAP.",
202,-4,57,"I need help with cash assistance, such as TFA, State Supplement, or SAGA.",,"Yo necesito ayuda con Programas de Asistencia de Dinero (TFA, Suplementario del Estado, o SAGA).",
250,-1,202,"I need help with TFA (Temporary Family Assistance).",,"Yo necesito ayuda con TFA (Asistencia Temporera para Familias).",
410,-1,250,"I get TFA now.",,"Yo recibo TFA ahora.",
437,-3,410,"DSS says they overpaid me and I owe them money.",,"DSS me ha atribuido un sobrepago.",
436,-2,410,"I have a problem with my EBT card.",,"Yo tengo un problema con mi tarjeta de EBT.",
439,-1,410,"I want to apply for an extension.",,"Yo quiero aplicar para una extensión.",
440,0,410,"DSS lowered or stopped my TFA benefits.",,"El Departamento de Servicios Sociales (DSS) ha reducido o descontinuado mis beneficios de TFA.",
438,0,410,"I get TFA but I think I should be getting more.",,"Yo estoy recibiendo TFA pero no estoy recibiendo tanto como creo que debo recibir.",
412,0,250,"I do not get TFA now.",,"Yo no recibo TFA ahora.",
449,-2,412,"I need information about TFA.",,"Yo quiero saber más de TFA.",
450,0,412,"I applied for TFA but I haven't heard back from DSS.",,"Yo apliqué pero no he recibido contestación del Departamento de Servicios Sociales (DSS).",
451,1,412,"I applied for TFA but was turned down.",,"Yo apliqué para TFA pero me lo negaron.",
411,1,250,"I have a different problem with TFA.",,"Yo tengo otro problema diferente relacionado a TFA.",
251,0,202,"I need help with the State Supplement (Aid to the Aged, Blind and Disabled, or AABD).",,"Yo necesito ayuda con el Suplementario del Estado (Ayuda para los Ancianos, Ciegos e Incapacitados, o AABD).",
413,-1,251,"I get AABD now.",,"Yo recibo AABD ahora (Suplementario del Estado).",
443,-3,413,"They told me my benefits are being lowered.",,"Ellos me dijeron que mis beneficios han sido reducidos.",
441,-2,413,"I am being charged with an overpayment.",,"Me han atribuido un caso de sobrepago.",
444,0,413,"I am not getting as much as I think I should.",,"Yo no estoy recibiendo tanto como creo que debo recibir.",
442,0,413,"I need help with something else related to AABD.",,"Yo necesito ayuda con algo más relacionado a AABD.",
415,0,251,"I do not get AABD now.",,"Yo no recibo AABD ahora.",
453,-2,415,"I need information about AABD.",,"Yo quiero saber más acerca de AABD  (Asistencia para los Ancianos, Ciegos e Incapacitados).",
452,0,415,"I've applied but haven't heard back.",,"Yo apliqué pero no he recibido noticias todavía.",
454,1,415,"I applied for AABD but was turned down.",,"Yo apliqué para AABD pero me lo negaron.",
414,1,251,"I have another problem with AABD.",,"Yo tengo otro problema relacionado con AABD.",
249,1,202,"I need help with SAGA (State Administered General Assistance).",,"Yo necesito ayuda con SAGA (Asistencia General Administrada por el Estado).",
378,-1,249,"I get SAGA now.",,"Yo recibo SAGA ahora.",
458,-3,378,"I am being charged with an overpayment.",,"Me han atribuido con un sobrepago.",
459,-2,378,"I am not getting as much as I think I should.",,"Yo no estoy recibiendo tanto como creo que debo.",
460,-1,378,"They told me my benefits are being lowered.",,"Ellos me dijeron que mis beneficios van a ser reducidos.",
461,0,378,"I need help with something else related to SAGA.",,"Yo necesito ayuda con algo más relacionado a SAGA.",
376,0,249,"I do not get SAGA now.",,"Yo no recibo SAGA ahora.",
446,-2,376,"I want to know more about SAGA.",,"Yo quiero saber más sobre SAGA.",
447,-1,376,"I want to know if I can get SAGA.",,"Yo quiero saber si puedo recibir SAGA.",
448,0,376,"I've applied but haven't heard back.",,"Yo apliqué pero no he oído nada de ellos.",
445,1,376,"I applied for SAGA but was turned down.",,"Yo apliqué para SAGA pero me lo negaron.",
377,1,249,"I have another problem with SAGA.",,"Yo tengo otro problema relacionado con SAGA.",
200,-1,57,"I need help with health insurance (Medicaid, HUSKY, or Access Health-CT).",,"Yo necesito ayuda con Seguro de Salud (Medicaid, HUSKY, o Access Health-CT).",
213,-2,200,"My child or I get Medicaid or HUSKY now.",,"Mi hijo o yo recibo beneficios de Medicaid o HUSKY ahora.",
370,-2,213,"I have Medicaid but have been denied a medical service, equipment, or medication that I need.",,"Yo tengo Medicaid pero me han negado un servicio médico, equipo, o medicamento que necesito.",
371,-1,213,"I have questions about my coverage.",,"Yo tengo preguntas sobre my cobertura.",
372,0,213,"I have questions about my spend-down.",,"Yo tengo preguntas sobre mi spend-down (deducible).",
369,1,213,"I have another problem with getting medical services through Medicaid.",,"Yo tengo otro asunto acerca de recibir servicios médicos a través de Medicaid.",
214,-1,200,"My child or I do NOT get Medicaid or HUSKY now.",,"Mi hijo o yo no recibimos Medicaid o HUSKY ahora.",
398,-3,214,"I want to apply for Medicaid for myself or for my children.",,"Yo quiero aplicar para Medicaid para mí o para mis hijos.",
399,-2,214,"I want to know if my children or I can get Medicaid.",,"Yo quiero saber si mis hijos o yo somos elegible para Medicaid.",
401,-1,214,"I applied for Medicaid but haven't gotten an answer.",,"Yo apliqué para Medicaid pero no he recibido contestación.",
402,0,214,"I applied for Medicaid but was turned down.",,"Yo apliqué para Medicaid pero me lo negaron.",
400,1,214,"I have questions about my spend-down.",,"Yo tengo preguntas con relacion a mi spend-down (deducible).",
215,0,200,"I have another problem with Medicaid or HUSKY.",,"Yo tengo otro problema relacionado con Medicaid o HUSKY.",
216,0,200,"My question is only about Access Health-CT (not about Medicaid or HUSKY).",,"Mi pregunta es solamente acerca de Access Health-CT (no acerca de Medicaid o HUSKY).",
204,0,57,"I need help with unemployment benefits.",,"Yo necesito ayuda con compensación de desempleo.",
334,0,204,"I am getting unemployment benefits right now.",,"Yo estoy recibiendo compensación por desempleo ahora.",
422,-2,334,"I got a notice that my unemployment benefits are going to be lowered or cut off.",,"Yo recibí una noticia de que mis beneficios por desempleo van a ser reducidos o terminados.",
419,-1,334,"I don't think I'm getting the right amount of unemployment benefits.",,"Yo no creo que estoy recibiendo la cantidad correcta de beneficios por desempleo.",
420,0,334,"I got a notice that I was paid too much unemployment.",,"Yo recibí una noticia de que me pagaron mucho desempleo.",
421,1,334,"I have a different problem with my unemployment benefits.",,"Yo tengo un problema diferente con mis beneficios de desempleo.",
333,0,204,"I am NOT getting unemployment benefits right now.",,"Yo no estoy recibiendo compensación de desempleo ahora.",
362,-1,333,"I applied for unemployment but was turned down.",,"Yo apliqué para desempleo pero me lo negaron.",
363,0,333,"I applied for unemployment benefits but haven't heard back.",,"Yo apliqué para beneficios de desempleo pero no he oído nada.",
364,0,333,"I want to apply for unemployment benefits.",,"Yo quiero aplicar para beneficios de desempleo.",
361,0,333,"My employer has appealed my unemployment claim.",,"Mi empleador apeló mi reclamación de desempleo.",
360,1,333,"I have a different problem about unemployment benefits.",,"Yo tengo un problema diferente relacionado a mis beneficios de desempleo.",
203,2,57,"I need help with other benefits programs in Connecticut: Elder programs, fuel assistance, and more.",,"Yo necesito ayuda con otros programas de beneficios en Connecticut.",
265,-4,203,"I need help with the Home Care Program for Elders.",,"Yo necesito ayuda con el Programa de Cuidado en el Hogar para los Envejecientes.",
267,-2,203,"I need help with or have a problem with the Area Agency on Aging (services, transportation, and more).",,"Yo no estoy recibiendo los servicios que necesito.",
264,-2,203,"I need help with the CT Pool Trust for Elders.",,"Yo necesito ayuda con el CT Pool Trust for Elders.",
266,-1,203,"I need help with fuel assistance (LIHEAP).",,"Yo tengo un problema con la asistencia para energía (LIHEAP).",
381,-3,266,"I get fuel assistance now and have a problem or need help.",," Yo tengo un problema con el Programa de Asistencia de Energía para Hogares de Bajos Recursos, conocido como LIHEAP.",
380,-2,266,"I want to know more about LIHEAP.",,"Yo quiero saber más sobre LIHEAP.",
379,-1,266,"I don't get LIHEAP. My application was denied or I have another problem with fuel assistance.",,"Yo apliqué para LIHEAP pero me lo negaron.",
268,0,203,"I need help with another Connecticut benefits program.",,"Yo necesito ayuda con otros programas de beneficios en Connecticut.",
58,-2,22,"I need help with federal benefits programs: Social Security, SSI, SSDI, Medicare, veterans' benefits, and more.",,"Yo necesito ayuda con programas de beneficios federales: Seguro Social, SSI, SSDI, Medicare, beneficios de veteranos, y más.",
205,-2,58,"I need help with Social Security (SSI and SSDI).",,"Yo necesito ayuda con el Seguro Social (SSI y SSDI).",
252,-2,205,"I need information about Social Security.",,"Yo tengo preguntas o necesito información acerca del Seguro Social.",
253,-1,205,"I need help with my own SSI, SSDI, or Disabled Widows benefits.",,"Yo necesito ayuda con mi propio SSI, SSDI, o Beneficios de Viudez por Incapacidad.",
394,-2,253,"I need help getting Social Security Disability, SSI, or Disabled Widows benefits.",,"Yo necesito ayuda obteniendo Seguro Social por Incapacidad, SSI, o Beneficios de Viudez por Incapacidad.",
395,-1,253,"My benefits are being lowered or cut off.",,"Mis beneficios están siendo reducidos o terminados.",
397,0,253,"I have another problem with my benefits.",,"Yo tengo otro problema con mis beneficios.",
396,0,253,"Social Security says they overpaid me (Notice of Overpayment) and I owe them money.",,"Me han atribuído un caso de sobrepago.",
255,0,205,"I need help with my child's SSI benefits.",,"Yo necesito ayuda con los beneficios de SSI de mi hijo.",
432,-2,255,"I need help getting SSI benefits for my child.",,"Yo necesito ayuda para obtener beneficios de SSI para mi hijo.",
430,-1,255,"My child's benefits are being lowered.",,"Los beneficios de mi hijo han sido reducidos.",
431,0,255,"I don't think  my child is getting the right amount of benefits.",,"Yo no creo que mi hijo está recibiendo la cantidad correcta de beneficios.",
433,1,255,"I have another problem with my child's benefits.",,"Yo tengo otro problema con los beneficios de mi hijo.",
254,1,205,"I have a different problem with SSI, SSDI, or Disabled Widows benefits.",,"Yo tengo un problema diferente con SSI, SSDI, o Beneficios de Viudez por Incapacidad.",
206,-1,58,"I need help with VA benefits.",,"Yo necesito ayuda con beneficios de veteranos.",
207,0,58,"I need help with Medicare.",,"Yo necesito ayuda con Medicare.",
348,0,207,"I have low income and need help paying for Medicare.",,"I have low income and need help paying for Medicare.",
349,0,207,"I need to find out more about Medicare or get help with a problem related to my Medicare coverage.",,"I need to find out more about Medicare or get help with a problem related to my Medicare coverage.",
208,1,58,"I need help with another Federal benefits program",,"I need help with another Federal benefits program",
55,0,22,"I have health insurance through a private company or health co-op. I have a question or problem about my coverage.",,"Yo tengo seguro de salud a través de una compañia privada o una cooperativa de salud.   Yo tengo una pregunta o problema sobre mi cubertura.",
150,0,55,"I am having problems with a bill.",,"Yo estoy teniendo problemas con una factura. ",
149,1,55,"I don’t think I'm getting the coverage I was promised.",,"Yo no creo que estoy recibiendo la cubertura que me prometieron.",
148,2,55,"I am having a different problem with my private health insurance.",,"Yo estoy teniendo un problema diferente con mi seguro de salud privado.",
59,1,22,"I have a question or problem with my health benefits at work.",,"Yo tengo una pregunta o problema relacionado a mis beneficios de salud en el trabajo.",
56,2,22,"I need help with health-related expenses.",,"Yo necesito ayuda con gastos de cuidado de salud.",
175,0,56,"I have a problem with medical bills.",,"Yo tengo un problema con facturas médicas.",
327,0,175,"I need help paying for medical bills.",,"Yo necesito ayuda para pagar mis facturas médicas.",
328,1,175,"I applied for help with paying for medical bills but I was denied.",,"Yo solicité ayuda para pagar mis facturas médicas pero me negaron.",
172,1,56,"I want to find out about  free or low-cost dental care.",,"Yo quiero aprender sobre cuidado dental gratis o de bajo costo.",
174,2,56,"I am looking for help with prescription drug coverage.",,"Yo estoy buscando ayuda con cubertura de medicamentos.",
176,3,56,"I want to find out about free or low-cost health clinics.",,"Yo quiero aprender sobre clínicas de salud gratis o de bajo costo.",
173,4,56,"I need other information about affordable health care.",,"Yo necesito otra información sobre seguro de salud a bajo precio.",
21,3,0,"Work and Unemployment","Problems with pay, loss of job, unemployment, FMLA, lay-offs, harassment, discrimination.",Empleo,"Problemas de pago, pérdida de empleo, desempleo, condiciones de trabajo, despidos, acoso, discriminación."
52,0,21,"My problem or question is about unemployment benefits.",,"Mi problema o pregunta es de beneficios de desempleo.",
121,-1,52,"I want  to get unemployment benefits because I lost my job.",,"Yo quiero recibir beneficios de desempleo porque perdí mi trabajo.",
120,0,52,"I want to know about other benefits I may qualify for.",,"Yo quiero saber sobre otros beneficios para los cuales yo pueda calificar. ",
122,1,52,"I applied for unemployment but was denied.",,"Apliqué para desempleo pero me lo negaron.",
119,2,52,"I need help with qualifying for benefits (such as food stamps, fuel aid, help from the town).",,"Yo necesito ayuda calificando para beneficios (tales como cupones de alimentos, asistencia para combustible, ayuda del pueblo).",
53,1,21,"My legal issue is about a former job where I was fired, laid off, or quit.",,"Mi problema legal es con un empleo anterior en donde fui despedido, cesanteado, o renuncié. ",
179,0,53,"I wasn't paid everything I earned.",,"No me pagaron todo lo que gané.",
178,1,53,"I wasn't paid for sick or vacation time that I was still eligible for when I finished working.",,"No fui pagado por tiempo de enfermedad o vacaciones para el cual todavía era eligible cuando terminé de trabajar.",
319,0,178,"I had a contract.",,"Yo tenía un contrato.",
318,1,178,"I did NOT have a contract.",,"Yo NO tenía un contrato.",
177,2,53,"I don't think that I should have been fired or laid off and I want to get my job back.",,"Yo pienso que no he debido ser despedido o cesanteado y quiero recuperar mi trabajo.",
263,0,177,"I believe that I was fired because of my sex, pregnancy, sexual orientation, race, color, disability, religion, age, ancestry, or national origin.",,"Yo creo que fui despedido a causa de mi género, embarazo, orientación sexual, raza, color, incapacidad, religión, edad, descendencia, u origen nacional.",
405,0,263,"I have not yet taken any legal action.  I want to talk to a lawyer first.",,"Yo no he tomado ninguna acción legal. Yo quiero  hablar con un abogado primero.",
406,1,263,"I already have a case in court.  I need help from a lawyer.",,"Yo ya tengo un caso en la corte. Necesito ayuda de un abogado.",
260,1,177,"I believe I was fired for reporting unsafe or illegal behavior (such as unsafe working conditions or sexual harassment).",,"Yo creo que fui despedido por reportar comportamiento ilegal o peligroso (tales como condiciones laborales inseguras o acoso sexual).",
261,2,177,"I was fired because I missed work.",,"Yo fui despedido porque falté al trabajo.",
375,0,261,"I missed work because of illness or a family member’s illness.",,"Yo falté al trabajo debido  a mi enfermedad o la enfermedad de un miembro de mi familia.",
373,1,261,"I missed work because of my disability.",,"Yo falté al trabajo a causa de mi incapacidad.",
374,2,261,"I missed work because I was abused by someone in my household or by a former partner.",,"Yo falté al trabajo porque fui abusado por alguien en mi hogar o una ex-pareja.",
262,3,177,"I was fired for something that happened outside of work.",,"Yo fui despedido por algo que occurió fuera del trabajo.",
390,0,262,"I was fired for reasons relating to my sex, pregnancy, sexual orientation, race, color, disability, religion, age, ancestry, national origin, or reporting unsafe or illegal behavior.",,"Yo fui despedido por razones relacionadas a mi género, embarazo, orientación sexual, raza, color, incapacidad, religion, edad, descendencia, u origen nacional o por reportar comportamiento peligroso o ilegal.",
389,1,262,"The firing DOES NOT relate to my sex, pregnancy, sexual orientation, race, color, disability, religion, age, ancestry, national origin, or reporting unsafe or illegal behavior.",,"Mi despedida no fue por razones relacionadas a mi género, embarazo, orientación sexual, raza, color, incapacidad, religion, edad, decendencia, u origen nacional o por reportar una práctica peligrosa o ilegal.",
259,4,177,"I think that I was fired for other reasons or no reason.",,"Yo creo que fui despedido por otras razones o ninguna razón.",
54,2,21,"My legal issue is about my current job.",,"Mi problema legal tiene que ver con mi empleo actual.",
180,-1,54,"I was hurt on the job or I have an illness caused by my job.",,"Yo fui herido en el trabajo o tengo una enfermedad causada por mi trabajo.",
184,0,54,"I want to know about Family and Medical Leave (FMLA).",,"Yo quiero saber más sobre la ley de Ausencia Familiar y Médica (FMLA).",
183,1,54,"I have not been paid all the wages I earned.",,"No me han pagado todo el sueldo que me gané.",
182,3,54,"I am worried about losing my job because of my sex, pregnancy, sexual orientation, race, color, disability, religion, age, ancestry, or national origin.",,"Estoy preocupado por perder mi trabajo debido a  mi género, embarazo, orientación sexual, raza, color, incapacidad, religión, edad, descendencia, u  origen nacional.  ",
181,4,54,"I have a different problem with my job.",,"Yo tengo un problema distinto relacionado al trabajo que necesito discutir con un abogado.",
237,0,181,"I am being treated as an independent contractor, but I think I should be an employee.",,"Me están tratando como un contratista independiente, pero yo pienso que debo ser un empleado.",
238,1,181,"I have a question or problem with my health benefits at work.",,"Yo tengo una pregunta o problema relacionado a mis beneficios de salud en el trabajo.",
239,2,181,"I have another problem with work.",,"Yo tengo otro problema con el empleo.",
240,2,181,"I was or am being harassed on the job.",,"Yo fui o estoy siendo acosado en el trabajo.",
392,0,240,"I think I am being harassed because of my sex, pregnancy, sexual orientation, race, color, disability, religion, age, ancestry, or national origin.",,"Yo creo que estoy siendo acosado a causa de mi género, embarazo, orientación sexual, raza, color, incapacidad, religion, edad, descendencia, u origen nacional.  ",
391,1,240,"I think I am being harassed because I reported unsafe or illegal behavior (like a safety violation).",,"Yo creo que estoy siendo acosado porque reporté comportamiento peligroso o ilegal (como una violación de seguridad). ",
393,2,240,"I think I am being harassed for other reasons (the boss doesn't like me, my co-workers are hard to get along with).",,"Yo creo que estoy siendo acosado por otras razones (yo no le soy de agrado al jefe, mis compañeros de trabajo son difíciles para sobrellevar).",
51,3,21,"I have another problem with work.",,"Yo tengo otro problema con el empleo.",
108,0,51,"I am worried about losing my job because of my sex, pregnancy, sexual orientation, race, color, disability, religion, age, ancestry, or national origin.",,"Estoy preocupado por perder mi trabajo a causa de mi género, embarazo, orientación sexual, raza, color, incapacidad, religión, edad, descendencia, u origen nacional. ",
111,1,51,"I have a question or problem with my retirement benefits.",,"Yo tengo una pregunta o problema con mis beneficios de retiro.",
109,2,51,"I was not hired because a background check showed that I have a criminal record.",,"No me dieron el empleo debido a que la verificación de antecedentes penales demostró que tengo un récord criminal.",
231,0,109,"I have a criminal record.",,"Yo tengo un récord criminal.",
232,1,109,"The information on my criminal record is wrong.",,"La información en mi récord criminal es incorrecta.",
112,3,51,"I have a problem related to my military service.",,"Yo tengo un problema relacionado a mi servicio militar.",
110,4,51,"I need to get my personnel file to help me with my claim for unemployment, illegal discrimination, or other legal claim.",,"Yo necesito obtener mi récord de personal para ayudarme con mi reclamación para el desempleo, discriminación ilegal u otro reclamo legal.",
113,5,51,"I don't see my job-related question or problem here.",,"Yo no veo mi pregunta relacionada al empleo o problema aquí.",
16,4,0,"Debt and Collections","Bankruptcy, identity theft, money, debt collection, credit, taxes, or something you bought.",Consumidor,"Robo de identidad, dinero, cobro de deudas, crédito, impuestos o algo que compró."
27,-5,16,"I need information about bankruptcy.",,"Yo necesito información sobre bancarrota.",
77,-1,27,"I want to know if bankruptcy is right for me.",,"Yo quiero saber si la bancarrota es una opción para mi.",
76,0,27,"I want to file for bankruptcy.",,"Yo quiero declararme en bancarrota.",
30,-4,16,"I have a problem with my utilities (electric, heat, gas, phone).",,"Yo tengo un problema con mis utilidades.",
31,-2,16,"I have a problem with my credit or with money that I owe.",,"Yo tengo un problema con mi crédito o con dinero que debo.",
189,-6,31,"I have debt that I can’t pay.",,"Yo tengo una deuda que no puedo pagar.",
292,0,189,"I contacted the person or company that I owe the money to but we could not come to an agreement.",,"Yo me comuniqué con la persona o la compañía a la que yo le debo dinero pero no pudimos llegar a un acuerdo.",
291,0,189,"I have NOT contacted the person or company that I owe the money to.",,"Yo no me he comunicado con la persona o compañía a la que yo le debo dinero.",
185,-5,31,"I can't pay my mortgage.",,"No puedo pagar mi hipoteca.",
190,-5,31,"I have a problem with a debt collector.",,"Yo tengo un problema con un cobrador de deudas.",
293,-2,190,"My car or other property is being repossessed (taken by the bank or company that loaned me the money to buy it).",,"Mi carro u otra propiedad está siendo embargado (tomado por el banco o compañía que me prestó el dinero para comprarlo).",
295,-1,190,"I am getting collection calls and/or letters from a creditor and I cannot pay the debt.",,"Estoy recibiendo llamadas de colección y/o cartas de un acreedor y no puedo pagar la deuda.",
294,0,190,"A creditor has taken my property or some of my income because I cannot pay a debt.",,"Un acreedor se ha llevado mi propiedad o parte de mi ingreso porque no puedo pagar una deuda.",
188,-3,31,"I have been sued by a person or company who says I owe them money.",,"Yo he sido demandado por una persona o compañía que dice que yo le debo dinero.",
278,0,188,"I don't think I owe this debt.",,"Yo no creo que debo esta deuda.",
277,0,188,"I need help defending myself in court.",,"Necesito ayuda defendiéndome en la corte.",
187,-2,31,"I have bad credit.",,"Yo tengo mal crédito.",
270,-1,187,"I want to get a copy of my credit report.",,"Yo quiero obtener una copia de mi reporte de crédito.",
271,-1,187,"I want to know how to fix mistakes on my credit report.",,"Yo quiero saber cómo arreglar errores en mi reporte de crédito.",
269,0,187,"I want to improve my credit.",,"Yo quiero mejorar mi crédito.",
272,1,187,"Someone else messed up my credit.",,"Otra persona dañó mi crédito.",
387,0,272,"Someone else hasn't paid bills that are in both of our names.",,"Otra persona no ha pagado las facturas que están a nombre de los dos. ",
388,0,272,"Someone used my name and other personal information to get credit or to buy things.",,"Alguien usó mi nombre y otra información personal para obtener crédito o comprar cosas.",
186,-1,31,"Medicare, Medicaid, or DSS says I owe money for overpayments or for services that weren't covered.",,"Medicare, Medicaid o DSS dice que yo le debo dinero por sobrepagos  o servicios que no están cubiertos.",
191,2,31,"I need help managing my bills.",,"Yo necesito ayuda manejando mis deudas.",
29,-1,16,"I have a problem with my taxes.",,"Yo estoy teniendo un problema con mis impuestos.",
116,-2,29,"I have a problem with my Connecticut state taxes.",,"Mis impuestos para el estado se vencen pronto.",
118,-1,29,"I am having a problem with the taxes on my home or land.",,"Yo estoy teniendo un problema con mis impuestos por mi casa o terreno.",
114,-1,29,"I need information about or help with the Earned Income Tax Credit.",,"Yo necesito información sobre el Crédito por Ingreso del Trabajo (Earned Income Tax Credit).",
117,0,29,"I am having a problem with the IRS (federal income taxes).",,"Yo estoy teniendo un problema con el IRS (impuestos federales de ingreso).",
317,-1,117,"I need help filing my income taxes.",,"Yo necesito ayuda llenando mis impuestos de ingreso.",
316,0,117,"I have already filed my taxes or have a problem with the IRS.",,"El IRS me envió una notificación diciendo que les debo dinero. ",
115,2,29,"I have a different tax problem.",,"Yo tengo un problema diferente de impuestos.",
285,-2,115,"I have a problem with taxes on my vehicle.",,"Yo tengo un problema con impuestos de mi vehículo.",
286,-1,115,"My wages are being garnished because I owe taxes.",,"Mi sueldo está siendo embargado porque yo debo impuestos.",
288,0,115,"I have questions about probate taxes.",,"I have questions about probate taxes.",
287,1,115,"I have another kind of tax problem.",,"Yo tengo otro tipo de problema de impuestos.",
28,2,16,"I have a different problem with money or debt collection.",,"Yo tengo un problema diferente relacionado con dinero o cobro de deuda.",
91,-4,28,"Someone owes me money and I want to collect it.",,"Alguien me debe dinero y yo quiero cobrarlo.",
92,0,28,"I bought something and it doesn't work or is defective.",,"Yo compré algo y no está funcionando o es defectivo.",
289,-1,92,"I bought it from a person.",,"Yo lo compré de una persona.",
403,0,289,"I contacted the seller but we could not come to an agreement.",,"Yo me comuniqué con el vendedor pero no pudimos llegar a un acuerdo.",
404,0,289,"I have not contacted the seller.",,"Yo no me he comunicado con el vendedor.",
290,0,92,"I bought it from a business.",,"Lo compré de un negocio.",
424,0,290,"I contacted the business but we couldn't come to an agreement.",,"Me comuniqué con el negocio pero no pudimos llegar a un acuerdo.",
423,0,290,"I have not contacted the business.",,"Yo no me he comunicado con el negocio.",
93,1,28,"I have questions or problems with identity theft.",,"Yo tengo preguntas o problemas con el robo de identidad.",
340,-1,93,"I want to know how to protect myself from identity theft.",,"Yo quiero aprender a cómo protegerme del robo de indentidad.",
339,0,93,"I am a victim of identity theft.",,"Yo soy víctima del robo de identidad. ",
341,0,93,"Someone else got money using my name.",,"Otra persona recibió dinero usando mi nombre.",
18,5,0,"School and Education","Problems at school, bullying, special education, truancy, problems with DCF, juvenile offenses.","Niños, adolescentes y la escuela","Problemas en la escuela, intimidación, educación especial, absentismo escolar, problemas con DCF."
40,0,18,"I am under 18 years old and I have a legal problem.",,"Yo soy menor de 18 años de edad y tengo un problema legal.",
138,0,40,"I have been charged with an offense within the juvenile justice system.",,"Me han acusado con una ofensa dentro del sistema de justicia juvenil.  ",
140,0,40,"I want to learn about emancipation.",,"Yo quiero aprender más sobre emancipación.",
139,1,40,"I am having problems at school.",,"Yo estoy teniendo problemas en la escuela.",
141,2,40,"I am being bullied or harassed.",,"Yo estoy siendo intimidado o acosado.",
142,3,40,"My parents are breaking up or getting a divorce.",,"My parents are breaking up or getting a divorce.",
38,1,18,"My child is having problems at school.",,"Mi hijo está teniendo problemas en la escuela.",
87,0,38,"My child has an IEP that is not working.",,"Yo me he reunido con el personal de la escuela.",
88,0,38,"My child has been kicked out of school.",,"Mi hijo ha sido echado fuera de la escuela.",
226,0,88,"My child has been suspended or expelled.",,"Mi hijo ha sido suspendido o expulsado.",
227,1,88,"My child has been classified as a special education student.",,"Mi hijo ha sido clasificado como un estudiante de educación especial.",
434,0,227,"I have an IEP with a Behavior Plan.",,"Yo tengo un IEP (Individualized Education Plan - Plan educativo individualizado) con un Plan de Comportamiento.",
435,1,227,"I do not have an IEP with a Behavior Plan.",,"Yo NO tengo un IEP (Individualized Education Plan - Plan educativo individualizado) con un plan de comportamineto.",
89,1,38,"My child is failing in school.",,"Mi hijo está fallando en la escuela.",
315,0,89,"My child has been classified as a special education student.",,"Mi hijo ha sido clasificado como un estudiante de educación especial.",
313,1,89,"My child has a learning or behavioral disability.",,"Mi hijo tiene una incapacidad de aprendizaje.",
312,3,89,"My child has NOT been classified as a special education student but I think he or she should qualify.",,"Mi hijo no ha sido clasificado como un estudiante de educación especial pero yo creo que él o ella debe cualificar.",
314,4,89,"The school says my child does NOT qualify for special education.",,"La escuela dice que mi hijo NO cualifica para educación especial.",
90,3,38,"My child is being bullied or harrassed at school.",,"Mi hijo está siendo intimidado o acosado en la escuela.",
325,0,90,"I think the school is illegally discriminating against my child (for example, because of race or sexual orientation).",,"Yo creo que la escuela está discriminando ilegalmente contra mi hijo (por ejemplo, a causa de raza u orientación sexual).",
324,1,90,"I think my child is being bullied or harassed because of his or her race, sexual orientation, or other another legally protected status.",,"Yo creo que mi hijo está siendo intimidado  o acosado por otros estudiantes debido a su raza, orientación sexual u otro estatus legalmente protegido.",
326,2,90,"My child is being bullied or harrassed by other students for reasons I don't understand.",,"Mi hijo está siendo intimidado o acosado por otros estudiantes por razones que yo no entiendo.",
36,2,18,"My child is having a problem getting into school or has a problem with truancy.",,"Mi hijo está teniendo un problema inscribiéndose en la escuela o tiene un problema de ausencia sin permiso.",
79,0,36,"My child refuses to go to school.",,"Mi hijo está viviendo conmigo.",
80,0,36,"The school district won't let my child enroll in school.",,"Yo soy el padre/madre con custodia.",
78,2,36,"The school says my child is truant.",,"La escuela dice que mi hijo está  ausente sin permiso.",
225,0,78,"I have met with school staff.",,"Yo me he reunido con el personal de la escuela.",
224,1,78,"I have NOT met with school staff.",,"Yo NO me he reunido con el personal de la escuela.",
223,2,78,"My child is eligible for special education services.",,"Mi hijo es eligible para servicios de educación especial.",
39,3,18,"My child has been charged with an offense within the juvenile justice system.",,"Mi hijo ha sido acusado con una ofensa dentro el sistema de justicia juvenil.",
37,4,18,"I have a different problem with my child.",,"Yo tengo un problema distinto relacionado a mi hijo.",
84,0,37,"My child needs help speaking English.",,"Mi hijo necesita ayuda en hablar inglés.",
81,0,37,"There is a problem with DCF.",,"Hay un problema con DCF.",
83,1,37,"There is a problem with my child's social security benefits.",,"Hay un problema con los beneficios de seguro social de mi hijo.",
85,2,37,"I want to find out about financial aid.",,"Yo quiero aprender sobre asistencia financiera.",
82,3,37,"I want to find out about vocational school.",,"Yo quiero aprender sobre la escuela vocacional.",
20,6,0,Seniors,"Medicaid, long-term care, wills, advance directives, power of attorney, government benefits, funerals.",Ancianos,"Medicaid, cuidado a largo plazo, testamentos, directivas,  poder, beneficios del gobierno, funerales."
48,-5,20,"I need help with financial, medical, or legal planning, including Medicaid (Title 19).",,"Necesito ayuda con planificación financiera, médica o legal.",
135,-3,48,"I need help with Medicaid (Title 19).",,"Necesito ayuda con Medicaid (Título 19).",
281,0,135,"I need information about Medicaid (Title 19).",,"Necesito ayuda acerca de Título 19.",
280,0,135,"I would like to know about the spend-down.",,"Me gustaría saber acerca de ""spend-down"" (deducible).",
279,1,135,"I applied for Medicaid (Title 19) but was denied.",,"Yo apliqué para Título 19 pero me lo negaron.",
133,-2,48,"I need help with my finances or planning for a time when I am unable to handle my own finances.",,"Yo necesito ayuda con mis finanzas o planificar para el tiempo cuando ya no pueda manejar mis propias finanzas.",
134,-1,48,"I need help with planning for medical emergencies or  long-term care.",,"Yo necesito ayuda en planificar para emergencias médicas o cuidado a largo plazo.",
137,0,48,"I need help with drafting a will, advance health care directives, or a power of attorney.",,"Yo necesito ayuda para redactar un testamento, directivas de cuidado de salud, o un poder notarial.",
136,1,48,"I have questions about my pension or retirement fund.",,"Yo tengo preguntas acerca de mi pensión o fondos de retiro.",
50,-2,20,"I have questions about government benefits that I am getting or might be able to get.",,"Yo tengo preguntas con relación a beneficios del gobierno que estoy recibiendo o pueda recibir.",
161,-3,50,"I want to know what government benefits I can get.",,"Yo quiero saber sobre beneficios del gobierno que pueda obtener.",
160,-2,50,"I need help applying for government benefits.",,"Yo necesito ayuda para aplicar para beneficios del gobierno.",
162,-1,50,"I applied for government benefits but was denied.",,"Yo apliqué para beneficios del gobierno pero me negaron.",
159,0,50,"I got a letter telling me that my benefits are going to be reduced or cut off.",,"Yo recibí una carta donde me dicen que mis beneficios van a ser reducidos o descontinuados.",
47,-1,20,"Someone is abusing me or taking advantage of me.",,"Estoy teniendo problemas con un guardián o conservador.",
49,0,20,"I have another legal problem or question that mostly affects older people.",,"Yo otro otro problema legal o pregunta que en su mayoría afecta a las personas mayores.",
157,-3,49,"I live in a long-term care facility and am having a problem related to that.",,"Yo vivo en una facilidad de cuidado a largo plazo y tengo un problema relacionado a eso.",
155,-2,49,"I need help dealing with a legal problem related to the death of my spouse.",,"Yo necesito ayuda con un problema legal relacionado a la muerte de mi cónyuge.",
158,-1,49,"I need help with funeral or burial plans.",,"Yo necesito ayuda con planes funerales o de entierro.",
154,0,49,"I have a health-related problem.",,"Yo tengo un problema relacionado a salud.",
219,0,154,"I have health insurance through a private company or health co-op. I have a question or problem about my coverage.",,"Yo tengo seguro de salud a través de una compañia privada o una cooperativa de salud. Yo tengo una pregunta o problema sobre mi cubertura.",
217,0,154,"I need help with health care expenses.",,"Yo necesito ayuda con gastos de cuidado de salud.",
220,0,154,"I need help with health insurance (Medicaid, HUSKY, or Access Health-CT).",,"Yo necesito ayuda con cubertura de salud (Medicaid, Husky o Access Health-CT).",
156,1,49,"I have another legal problem related to my age.",,"Yo tengo otro problema legal relacionado a mi edad.",
46,1,20,"I have another legal problem or question that is not related to my age.",,"Yo tengo otro problema o pregunta legal que no tiene relación con mi edad.",
15,7,0,"Military and Veterans","VA benefits and other military-related legal issues.","Militares y Veteranos","Obtenga información para miembros militares activos o anteriores para modificar su descargo militar, vivienda, familia, problemas de beneficios, y más."
26,-3,15,"I serve in the Guard, the Reserve, or another military service, or someone in my family does.",,"Yo, o alguien en mi familia, es parte de la Guardia Nacional, la Reserva, u otra rama de servicio militar.",
153,-2,26,"My legal issue is related to my deployment.",,"Mi problema legal es relacionado a mi despliegue militar.",
256,-1,153,"I am deployed and I got an eviction notice at home.",,"Yo estoy desplegado por el servicio militar  y recibí una notificación de desalojo en mi casa.",
257,0,153,"A family law case, such as divorce or child custody, has been started during my deployment.",,"Un caso legal de familia, tal como un divorcio o custodia de un menor, ha sido iniciado durante mi despliegue militar.",
258,1,153,"I need help telling creditors and my accounts that I am deploying.",,"Yo necesito ayuda en decirle a mis acreedores y mis cuentas que voy a ser desplegado por el servicio militar.",
151,-1,26,"I have another military-related legal problem, such as AWOL, missing drill, or discharge status issue.",,"Yo tengo otro problema relacionado al servicio militar, tal como un AWOL, (ausencia sin permiso), missing drill (no reportarse a un ejercicio) o status del retiro militar.",
152,0,26,"My legal issue is NOT related to my status as a servicemember.",,"Mi asunto legal no está relacionado a mi status como miembro del servicio militar.",
25,-1,15,"I am a veteran or someone in my family is.",,"Yo, o alguien en mi familia, es un veterano.",
95,-6,25,"I need help with VA benefits.",,"Yo necesito ayuda con beneficios de veteranos.",
338,-1,95,"I need help with VA healthcare.",,"Yo necesito ayuda con cuidado de salud para veteranos.",
337,0,95,"I need help with VA disability benefits.",,"Yo necesito ayuda para beneficios de veteranos por incapacidad.",
94,-4,25,"I have another legal issue that relates to my status as a veteran, such as discharge status or special property tax exemption.",,"Yo otro asunto legal que se relaciona a mi status como veterano, tal como status de retiro militar o exención especial de impuestos de propiedad.",
96,0,25,"My legal issue is NOT related to my status as a veteran.",,"My legal issue is NOT related to my status as a veteran.",
23,8,0,Criminal,"Criminal records, pardons and expungements, civil infractions, and criminal offenses.",Penal/Criminal,"Antecedentes penales, indultos (perdón), borrar antecedentes penales, y delitos penales."
64,-2,23,"I have a criminal record and want to apply for a pardon (expungement) or provisional pardon.",,"Yo fui condenado por un delito menor (misdeameanor) y quiero recibir un indulto o perdón judicial.",
60,-1,23,"I have already applied for a pardon.",,"Ya he solicitado un indulto o perdón judicial.",
71,0,60,"I haven't heard anything back.",,"No he recibido una respuesta.",
70,0,60,"I've been denied.",,"He sido negado.",
61,0,23,"I have been charged with a civil infraction (like a traffic violation or DUI) or criminal offense (such as aggravated assault or arson).",,"Yo he sido acusado con una infracción civil (tal como una violación de tráfico o conducir bajo los efectos del alcohol) o un delito criminal (tal como asalto agravado o incendio provocado).",
62,1,23,"I am in jail.",,"Estoy encarcelado.  ",
63,2,23,"I have a different problem because of my criminal record.",,"Yo tengo un problema distinto a causa de mi récord criminal.",
132,-2,63,"I want to find out about reentry programs for ex-offenders.",,"I want to find out about reentry programs for ex-offenders.",
131,-1,63,"I have a criminal record and I am trying to find a job.",,"Yo tengo un récord criminal y estoy tratando de conseguir un trabajo.",
336,0,131,"I need help answering questions about my criminal record during a job interview.",,"Necesito ayuda contestando preguntas sobre mi récord criminal durante una entrevista de trabajo.",
335,0,131,"I need help finding a job that will hire someone with a criminal record.",,"Necesito asistencia en conseguir un trabajo que contrate a alguien con un récord criminal.",
130,0,63,"I have been denied public housing because of a criminal record.",,"He sido negado vivienda pública por mi récord criminal.",
128,1,63,"I want to know what is on my criminal record.",,"Yo quiero saber que está en mi récord criminal.",
129,1,63,"There is a mistake on my criminal record.",,"Hay un error en mi récord criminal.",
24,9,0,"Other Legal Topics","Disabilities, HIV/AIDS, immigration problems, civil rights violations, motor vehicle injuries, and more.","Diversos Temas","Discapacidad, VIH/SIDA, problemas de inmigración, violaciones de los derechos civiles, y más."
65,0,24,"I have a problem related to a mental, physical, or learning disability (or someone in my family does).",,"Yo tengo un problema relacionado a una incapacidad mental, física o de aprendizaje (o alguien en mi familia).",
66,1,24,"I have a problem related to HIV/AIDS.",,"Yo tengo un problema relacionado a VIH/SIDA.",
67,2,24,"I am an immigrant and I have a legal problem.",,"Yo soy un inmigrante y tengo un problema legal.  ",
193,0,67,"I am NOT a citizen of the United States, or I am not sure of my immigration status.",,"Yo NO soy cuidadano de los Estados Unidos, o no estoy seguro de mi estatus de inmigración.",
192,1,67,"I am a citizen or permanent lawful resident of the United States.",,"Yo soy un cuidadano o residente permanante legal de los Estados Unidos.",
342,0,192,"My problem is related to my immigration status.",,"Mi problema es relacionado a mi estatus de inmigración.  ",
343,1,192,"I have a different legal problem.",,"Yo tengo un problema legal diferente.",
69,3,24,"I have another legal problem.",,"Yo tengo otro problema legal.",
196,0,69,"I would like to take someone to court for something they have said or done to me.",,"Yo quiero llevar a alguien a la corte por algo que ellos me han dicho o hecho.",
197,1,69,"I am looking for help with FEMA or other insurance on my property.",,"Yo estoy buscando ayuda de FEMA u otro seguro sobre mi propiedad.",
198,2,69,"I was hurt in a motor vehicle accident or by someone else.",,"Yo fui herido en un accidente de automóvil o por otra persona.",
199,3,69,"I have another problem that I have not found on this website.",,"Yo tengo otro problema que no he encontrado en esta página de web.",
68,4,24,"I believe my Constitutional rights have been violated.",,"Yo creo que mis derechos constitucionales han sido violados.",
194,0,68,"I believe that my civil rights have been violated.",,"Yo creo que mis derechos civiles han sido violados.",
344,0,194,"I believe that my voting rights have been violated.",,"Yo creo que mis derechos para votar han sido violados.",
345,1,194,"I was abused by the police because of my race, my sexual orientation, or some other discriminatory reason.",,"Yo he sido abusado por la policia a causa de mi raza, mi orientación sexual, o alguna otra razón discriminatoria.",
346,2,194,"I am a student and my school has violated my rights (illegal locker search, discrimination, etc.).",,"Yo soy un estudiante y mi escuela ha violado mis derechos individuales (búsqueda ilegal de mi casillero (locker), discriminación contra  los derechos de homosexuales, etc.).",
347,3,194,"I believe that another  constitutional right has been violated.",,"Yo creo que otro derecho constitucional ha sido violado.",
195,1,68,"I have been arrested or charged with a crime.",,"Yo he sido arrestado o acusado de un crimen.",
